n_min,range_lo,range_hi,steps,A,A_vis,A_pnp_given_vis,A_ci_low,A_ci_high
4,10,50,1684,1.0,1.0,1.0,0.9977240404882712,1.0
4,8,10,204,1.0,1.0,1.0,0.9815173601828024,1.0
4,6,8,230,1.0,1.0,1.0,0.9835723791587656,1.0
4,5,6,133,1.0,1.0,1.0,0.9719276682991226,1.0
4,4,5,148,0.9932432432432432,1.0,0.9932432432432432,0.9627229544117287,0.9988062691099857
4,3,4,169,1.0,1.0,1.0,0.9777746679027852,1.0
4,2,3,213,0.6572769953051644,0.6995305164319249,0.9395973154362416,0.5912576061336378,0.7177238975134353
4,1,2,325,0.29846153846153844,0.3353846153846154,0.8899082568807339,0.2513032088557675,0.35032853043562295
4,0,1,806,0.1662531017369727,0.18734491315136476,0.8874172185430463,0.14214550328533607,0.19352693711769337
5,10,50,1689,1.0,1.0,1.0,0.997730762793836,1.0
5,8,10,200,1.0,1.0,1.0,0.9811546736140551,1.0
5,6,8,232,1.0,1.0,1.0,0.9837116898713373,1.0
5,5,6,134,1.0,1.0,1.0,0.9721313249633851,1.0
5,4,5,147,0.9659863945578231,1.0,0.9659863945578231,0.9228527902220213,0.9853855752078369
5,3,4,176,0.9034090909090909,0.9829545454545454,0.9190751445086706,0.8507675135879939,0.9388168288085696
5,2,3,214,0.43457943925233644,0.4719626168224299,0.9207920792079208,0.3698968572111857,0.5015692991791131
5,1,2,339,0.18289085545722714,0.23008849557522124,0.7948717948717948,0.14536984606444703,0.22751813329946585
5,0,1,817,0.06119951040391677,0.10893512851897184,0.5617977528089888,0.046727412798716964,0.07977869591009312
6,10,50,1682,1.0,1.0,1.0,0.9977213404010242,1.0
6,8,10,206,1.0,1.0,1.0,0.9816935183159086,1.0
6,6,8,229,1.0,1.0,1.0,0.9835018263417358,1.0
6,5,6,132,0.9772727272727273,0.9924242424242424,0.9847328244274809,0.9353108604091049,0.9922410158162759
6,4,5,151,0.847682119205298,0.8940397350993378,0.9481481481481482,0.7818055723869953,0.8963073877883994
6,3,4,171,0.695906432748538,0.7485380116959064,0.9296875,0.623278912123231,0.7599253945167627
6,2,3,211,0.2796208530805687,0.3222748815165877,0.8676470588235294,0.22341785263774352,0.3437048037167873
6,1,2,326,0.08895705521472393,0.12269938650306748,0.725,0.06265108976927045,0.12483734495711375
6,0,1,807,0.01734820322180917,0.040892193308550186,0.42424242424242425,0.010361637098908846,0.028908011086985846
