trial,seed,range0_m,bearing0_deg,closing0_mps,tumble0_dps,r0_err_m,sigma_px,final_range_m,min_range_m,delta_v_mps,delta_v_to_dock_mps,dock_step,docked,range_success,n_steps_run,dropout_rate,n_vision_fail,mean_pos_err_m,final_pos_err_m,wall_s,error,avail_steps,avail_used,avail_visible,mean_n_visible
0,2829232026,31.826607321032874,19.93727446798608,-0.12006558044729262,3.1447795069292654,2.5024658107959583,0.7,0.9883488801741208,0.2558066882832815,3.2407809309817877,3.2407809309817877,44,True,True,44,0.4772727272727273,21,0.26483820104434125,0.3532639745343549,0.502765083918348,,"[9, 8, 2, 1, 1, 1, 2, 2, 4, 3, 6, 5]","[0, 0, 0, 0, 0, 1, 2, 2, 4, 3, 6, 5]","[14.0, 18.0, 6.0, 5.0, 5.0, 6.0, 16.0, 28.0, 60.0, 45.0, 90.0, 75.0]",8.363636363636363
1,86292579,15.207097359227555,17.029811232865875,-0.04578488390891931,1.3196172591490478,1.5948614039703033,0.7,0.40372175230286533,0.40372175230286533,1.3926427279782276,1.3926427279782276,36,True,True,36,0.19444444444444445,7,0.07867058105079669,0.06352146248785837,0.5905530829913914,,"[6, 4, 3, 2, 2, 2, 3, 3, 8, 3, 0, 0]","[0, 3, 3, 2, 2, 2, 3, 3, 8, 3, 0, 0]","[23.0, 24.0, 24.0, 20.0, 20.0, 21.0, 41.0, 45.0, 120.0, 45.0, 0.0, 0.0]",10.63888888888889
2,917366094,16.35464129970923,11.617917276894342,-0.029235007411043273,1.42854612812509,1.9433995449000534,0.7,0.2774482054537977,0.2774482054537977,1.5028965925529958,1.5028965925529958,37,True,True,37,0.35135135135135137,13,0.06558139556225605,0.04806786060653899,0.4541721250861883,,"[7, 4, 2, 2, 2, 2, 3, 3, 6, 6, 0, 0]","[0, 0, 0, 2, 2, 2, 3, 3, 6, 6, 0, 0]","[17.0, 13.0, 9.0, 12.0, 14.0, 18.0, 35.0, 45.0, 90.0, 90.0, 0.0, 0.0]",9.27027027027027
3,2501880874,23.05267299823438,9.616573108614471,-0.09485701783247324,4.4282255279857665,4.821733810802716,0.7,0.1912219880174156,0.1688457593428947,2.116899385750631,2.116899385750631,38,True,True,38,0.42105263157894735,16,0.16761225617868236,0.08827766427735889,0.427390499971807,,"[7, 3, 3, 2, 1, 1, 3, 2, 5, 4, 7, 0]","[0, 0, 0, 0, 0, 1, 3, 2, 5, 4, 7, 0]","[13.0, 9.0, 10.0, 10.0, 5.0, 7.0, 28.0, 30.0, 75.0, 60.0, 105.0, 0.0]",9.263157894736842
4,2747836220,26.0579333450097,4.912945488414479,-0.09651171489633088,3.2757225819612223,2.330357880208458,0.7,0.25593673817606716,0.14869169206855762,2.4075851098123078,2.4075851098123078,39,True,True,39,0.3333333333333333,13,0.08579472943384692,0.03582327955958653,0.4775739999022335,,"[8, 3, 2, 2, 1, 1, 3, 2, 4, 4, 9, 0]","[0, 0, 0, 2, 1, 1, 3, 2, 4, 4, 9, 0]","[20.0, 9.0, 9.0, 12.0, 6.0, 7.0, 32.0, 30.0, 60.0, 60.0, 135.0, 0.0]",9.743589743589743
5,3532151531,31.011856716026145,18.962378719154575,-0.14764892880941327,2.6894535870356946,1.3281101927022256,0.7,0.5457603157789307,0.3225232871658715,2.902406832781947,2.902406832781947,38,True,True,38,0.2894736842105263,11,0.06709223137415445,0.050365876694447455,0.5138377919793129,,"[8, 2, 2, 1, 2, 1, 2, 2, 3, 4, 8, 3]","[0, 0, 1, 1, 2, 1, 2, 2, 3, 4, 8, 3]","[16.0, 4.0, 9.0, 6.0, 15.0, 9.0, 21.0, 29.0, 45.0, 60.0, 120.0, 45.0]",9.973684210526315
6,1788817756,26.713634048802845,4.775212589345397,-0.022751141806861757,2.03626401173657,2.350035489125394,0.7,0.23186330097070992,0.130535235488515,2.562646093673315,2.562646093673315,38,True,True,38,0.3157894736842105,12,0.09277224105891134,0.07339015150910187,0.4804823331069201,,"[7, 3, 2, 2, 1, 1, 3, 1, 5, 4, 9, 0]","[0, 0, 0, 2, 1, 1, 3, 1, 5, 4, 9, 0]","[17.0, 9.0, 8.0, 18.0, 9.0, 9.0, 30.0, 14.0, 74.0, 60.0, 135.0, 0.0]",10.078947368421053
7,2646784096,15.468558064157113,1.0370761072684331,-0.03940578079494454,5.056039649891425,2.6479819209572106,0.7,0.24128836007399498,0.24128836007399498,1.4258452662056065,1.4258452662056065,37,True,True,37,0.32432432432432434,12,0.08880416266791294,0.03400615780004343,0.5129766669124365,,"[7, 4, 3, 2, 2, 2, 3, 2, 8, 4, 0, 0]","[0, 0, 2, 2, 2, 2, 3, 2, 8, 4, 0, 0]","[14.0, 8.0, 17.0, 14.0, 18.0, 20.0, 34.0, 30.0, 120.0, 60.0, 0.0, 0.0]",9.054054054054054
8,3970097117,31.731883123257987,14.96853531417975,-0.1626611550024429,3.896446156271311,3.5557739650515527,0.7,0.5391069703246464,0.1336388535977538,2.9330415911792924,2.9330415911792924,38,True,True,38,0.23684210526315788,9,0.11810747406480268,0.032809160873332376,0.5805295831523836,,"[8, 2, 2, 1, 2, 1, 2, 1, 4, 4, 7, 4]","[2, 0, 1, 1, 2, 1, 2, 1, 4, 4, 7, 4]","[28.0, 9.0, 13.0, 9.0, 18.0, 10.0, 22.0, 15.0, 60.0, 60.0, 105.0, 60.0]",10.763157894736842
9,3376241506,26.84376568840768,13.41759766463975,-0.11128562882129814,3.6643631626858433,0.9797177300968484,0.7,0.4914165975801027,0.19195491923342045,2.4973936883262593,2.4973936883262593,39,True,True,39,0.3333333333333333,13,0.08176172935533318,0.1377574059006204,0.5462059578858316,,"[9, 2, 2, 2, 1, 2, 2, 2, 4, 4, 9, 0]","[0, 0, 0, 2, 1, 2, 2, 2, 4, 4, 9, 0]","[15.0, 6.0, 8.0, 16.0, 9.0, 20.0, 21.0, 27.0, 60.0, 60.0, 135.0, 0.0]",9.666666666666666
10,1171323926,19.07058698315458,11.200442766718314,-0.07502651510585027,3.04765955208475,3.827753364263257,0.7,0.22007691263796933,0.22007691263796933,1.722529535202426,1.722529535202426,38,True,True,38,0.34210526315789475,13,0.1370229356404109,0.07314788054065668,0.4669986250810325,,"[7, 4, 2, 2, 2, 2, 2, 3, 5, 9, 0, 0]","[0, 0, 0, 2, 2, 2, 2, 3, 5, 9, 0, 0]","[16.0, 11.0, 8.0, 14.0, 16.0, 19.0, 20.0, 43.0, 75.0, 135.0, 0.0, 0.0]",9.394736842105264
11,792633873,25.053469123263834,11.055880510448905,-0.014749633524016802,3.3258051278270053,2.768125011559703,0.7,0.3403577123992285,0.2414048305708715,2.4068608265564646,2.4068608265564646,39,True,True,39,0.3333333333333333,13,0.10389282422242048,0.04438545025752019,0.5215517920441926,,"[8, 3, 2, 2, 1, 2, 2, 2, 4, 4, 9, 0]","[2, 0, 0, 0, 1, 2, 2, 2, 4, 4, 9, 0]","[25.0, 6.0, 7.0, 10.0, 6.0, 13.0, 23.0, 30.0, 60.0, 60.0, 135.0, 0.0]",9.615384615384615
12,3774848707,34.6164742166909,5.5124696108390765,-0.037244627982231715,3.6338094545681123,2.3763097057052973,0.7,0.584897371483519,0.053261313489123,3.3837621858914457,3.3837621858914457,39,True,True,39,0.3333333333333333,13,0.10280823407927438,0.08369691579581255,0.5178163750097156,,"[8, 2, 2, 1, 1, 2, 2, 1, 4, 3, 6, 7]","[0, 0, 0, 0, 1, 2, 2, 1, 4, 3, 6, 7]","[15.0, 4.0, 7.0, 5.0, 6.0, 15.0, 23.0, 15.0, 60.0, 45.0, 90.0, 105.0]",10.0
13,2835404164,30.273859033337658,3.3888081858774504,-0.0704786152507935,2.449324750393373,3.7854211327273584,0.7,0.36071212108113887,0.12416061121601302,2.839445345293947,2.839445345293947,39,True,True,39,0.3076923076923077,12,0.13031115939109408,0.036730006066139846,0.5027586659416556,,"[8, 2, 2, 2, 1, 1, 2, 2, 4, 4, 9, 2]","[0, 0, 0, 2, 1, 1, 2, 2, 4, 4, 9, 2]","[13.0, 4.0, 8.0, 12.0, 6.0, 7.0, 23.0, 30.0, 60.0, 60.0, 135.0, 30.0]",9.948717948717949
14,3612099856,34.42296310004108,0.14716560165762171,-0.0186119960999381,4.870150167274136,1.6492595734808413,0.7,0.39522383389856675,0.09175250879798728,3.361290896703256,3.361290896703256,40,True,True,40,0.3,12,0.16453318359853245,0.1375063944393268,0.5508971661329269,,"[8, 2, 2, 2, 1, 1, 2, 2, 4, 3, 6, 7]","[0, 0, 0, 2, 1, 1, 2, 2, 4, 3, 6, 7]","[13.0, 6.0, 6.0, 13.0, 8.0, 10.0, 21.0, 29.0, 60.0, 45.0, 90.0, 105.0]",10.15
15,3283311117,17.30746671343009,0.5163514100087173,-0.15612266005228834,0.7615990665932116,3.1501869942892684,0.7,0.17611564279868808,0.17611564279868808,1.4972212217348022,1.4972212217348022,37,True,True,37,0.3783783783783784,14,0.12367534206941021,0.10999402247834701,0.4905024589970708,,"[7, 4, 3, 2, 2, 1, 3, 3, 6, 6, 0, 0]","[0, 0, 0, 2, 2, 1, 3, 3, 6, 6, 0, 0]","[10.0, 12.0, 10.0, 12.0, 13.0, 7.0, 29.0, 44.0, 90.0, 90.0, 0.0, 0.0]",8.567567567567568
16,1328037991,24.12255994595842,15.015148792272116,-0.026483917941002518,3.9191228287999937,1.956057166128554,0.7,0.3484827215952025,0.25171520819109516,2.3123024130065994,2.3123024130065994,39,True,True,39,0.28205128205128205,11,0.06985664799015157,0.035291497321984805,0.5322656251955777,,"[8, 3, 2, 2, 2, 1, 2, 2, 5, 4, 8, 0]","[0, 0, 2, 2, 2, 1, 2, 2, 5, 4, 8, 0]","[15.0, 13.0, 15.0, 20.0, 20.0, 10.0, 23.0, 30.0, 75.0, 60.0, 120.0, 0.0]",10.282051282051283
17,125805483,29.065457857980743,15.760942490602966,-0.004380664175222166,4.264474605222868,2.047821219186865,0.7,0.49732880865713325,0.24183830636628537,2.8715693577345833,2.8715693577345833,39,True,True,39,0.3333333333333333,13,0.08595378930321278,0.05300854580732598,0.4864379591308534,,"[8, 3, 2, 1, 2, 1, 2, 2, 4, 3, 11, 0]","[0, 0, 0, 1, 2, 1, 2, 2, 4, 3, 11, 0]","[12.0, 8.0, 8.0, 6.0, 14.0, 7.0, 19.0, 28.0, 60.0, 45.0, 165.0, 0.0]",9.538461538461538
18,3639935190,36.33091329410023,13.333974997474485,-0.16637128943924392,3.241056793530974,0.34012989874715643,0.7,0.6556617496410284,0.24554869260725087,3.337443726981051,3.337443726981051,39,True,True,39,0.3333333333333333,13,0.049941500348529566,0.06881594479436563,0.5274726247880608,,"[8, 2, 2, 1, 1, 1, 2, 2, 3, 3, 6, 8]","[0, 0, 0, 0, 1, 1, 2, 2, 3, 3, 6, 8]","[18.0, 6.0, 6.0, 5.0, 6.0, 7.0, 15.0, 29.0, 45.0, 45.0, 90.0, 120.0]",10.051282051282051
19,1448801757,16.664801849442544,0.8257666742664548,-0.035954900325544624,4.233068302874736,1.76688271214474,0.7,0.14879256342194394,0.14879256342194394,1.580788006756597,1.580788006756597,37,True,True,37,0.43243243243243246,16,0.08263749478728807,0.04377593728129679,0.4764240419026464,,"[7, 4, 3, 2, 2, 1, 3, 3, 6, 6, 0, 0]","[0, 0, 0, 0, 2, 1, 3, 3, 6, 6, 0, 0]","[17.0, 11.0, 11.0, 10.0, 13.0, 7.0, 34.0, 45.0, 90.0, 90.0, 0.0, 0.0]",8.864864864864865
20,37168755,36.6178768546544,8.835504384021187,-0.08200742373176875,1.043512947254689,2.50565840171386,0.7,0.8718391749815366,0.20011292457839366,3.5172308419055223,3.5172308419055223,40,True,True,40,0.4,16,0.11228532784811894,0.12315590557178825,0.5244319580961019,,"[9, 2, 2, 1, 1, 1, 2, 2, 3, 3, 6, 8]","[0, 0, 0, 0, 0, 0, 2, 2, 3, 3, 6, 8]","[19.0, 5.0, 6.0, 5.0, 5.0, 5.0, 17.0, 27.0, 45.0, 45.0, 90.0, 120.0]",9.725
21,3376963292,15.64135116758967,10.982782586147296,-0.026853350480647013,0.6764520013205076,4.132865481415805,0.7,0.21393318158801672,0.21393318158801672,1.4783336011389678,1.4783336011389678,37,True,True,37,0.4594594594594595,17,0.14081193925318658,0.08043303217794777,0.43888812488876283,,"[7, 4, 3, 2, 2, 2, 3, 2, 8, 4, 0, 0]","[0, 0, 0, 0, 1, 2, 3, 2, 8, 4, 0, 0]","[14.0, 8.0, 12.0, 10.0, 11.0, 16.0, 34.0, 30.0, 120.0, 60.0, 0.0, 0.0]",8.513513513513514
22,1057028621,24.670681075147996,14.635661358074685,-0.11690916895354438,1.266214953321065,5.670206067272007,0.7,0.45606276478178925,0.312058713460792,2.2924158237640273,2.2924158237640273,38,True,True,38,0.4473684210526316,17,0.20653069163700294,0.15610358453806145,0.4557760839816183,,"[8, 3, 2, 2, 1, 1, 3, 2, 4, 4, 8, 0]","[0, 0, 0, 0, 0, 0, 3, 2, 4, 4, 8, 0]","[15.0, 7.0, 7.0, 10.0, 5.0, 5.0, 26.0, 29.0, 60.0, 60.0, 120.0, 0.0]",9.052631578947368
23,3676014604,23.30571192441045,12.037308880832207,-0.12336549646096806,4.712022138863914,0.6477364496345455,0.7,0.27868511245708205,0.2537184827375769,2.1065139307566296,2.1065139307566296,38,True,True,38,0.3157894736842105,12,0.03459169383320364,0.053230454767448976,0.4732392500154674,,"[7, 4, 2, 2, 1, 2, 2, 2, 5, 4, 7, 0]","[0, 0, 1, 2, 1, 2, 2, 2, 5, 4, 7, 0]","[22.0, 8.0, 9.0, 12.0, 6.0, 14.0, 21.0, 28.0, 75.0, 60.0, 105.0, 0.0]",9.473684210526315
24,905040409,20.494705078657116,18.37169986157654,-0.1372988562360422,1.5523996815210768,2.536781329256437,0.7,0.3418720142730646,0.3418720142730646,1.7578713823991887,1.7578713823991887,38,True,True,38,0.2631578947368421,10,0.12747248833520283,0.0786628360460652,0.5254929999355227,,"[7, 4, 2, 2, 2, 1, 3, 2, 6, 6, 3, 0]","[0, 1, 2, 2, 2, 1, 3, 2, 6, 6, 3, 0]","[16.0, 18.0, 18.0, 20.0, 20.0, 10.0, 34.0, 30.0, 90.0, 90.0, 45.0, 0.0]",10.289473684210526
25,724970408,25.60286986688157,8.876980872480773,-0.08316809633175085,1.3513162779430352,1.0793186741399317,0.7,0.19220099978122634,0.1755141046716633,2.316420161535569,2.316420161535569,39,True,True,39,0.2564102564102564,10,0.10552151314297782,0.06660038187996538,0.5753167499788105,,"[7, 3, 3, 1, 2, 1, 3, 2, 4, 4, 9, 0]","[0, 0, 3, 1, 2, 1, 3, 2, 4, 4, 9, 0]","[19.0, 13.0, 21.0, 9.0, 20.0, 10.0, 34.0, 30.0, 60.0, 60.0, 135.0, 0.0]",10.538461538461538
26,3706194057,17.610656158761422,18.204328742798168,-0.09805034102273527,3.6883738275582654,2.10885456937879,0.7,0.20897358366586113,0.20897358366586113,1.571629867466644,1.571629867466644,37,True,True,37,0.2702702702702703,10,0.08083039493700184,0.05959197299078242,0.5133293748367578,,"[7, 4, 2, 3, 1, 2, 3, 2, 6, 7, 0, 0]","[0, 1, 2, 3, 1, 2, 3, 2, 6, 7, 0, 0]","[15.0, 17.0, 12.0, 27.0, 10.0, 20.0, 32.0, 30.0, 90.0, 105.0, 0.0, 0.0]",9.675675675675675
27,3568634509,25.48115319792508,14.687334367063052,-0.05162663741083995,1.7859878369241418,1.6760908514368864,0.7,0.3374096010925752,0.285195672658596,2.4019964868424624,2.4019964868424624,38,True,True,38,0.3684210526315789,14,0.06398402432820346,0.054060969361657635,0.4528472919482738,,"[7, 3, 2, 2, 1, 2, 2, 2, 4, 4, 9, 0]","[0, 0, 0, 0, 1, 2, 2, 2, 4, 4, 9, 0]","[19.0, 6.0, 7.0, 10.0, 6.0, 13.0, 22.0, 30.0, 60.0, 60.0, 135.0, 0.0]",9.68421052631579
28,1256506718,37.20331255963439,10.874027560755696,-0.06503494484279296,3.432095753938799,3.521847835656302,0.7,0.8648786449407487,0.3166301184746507,3.541107700423275,3.541107700423275,40,True,True,40,0.3,12,0.1481287032335054,0.09414511062898286,0.5676351659931242,,"[8, 3, 1, 2, 1, 1, 2, 1, 4, 3, 5, 9]","[0, 0, 0, 2, 1, 1, 2, 1, 4, 3, 5, 9]","[21.0, 7.0, 3.0, 13.0, 7.0, 7.0, 19.0, 15.0, 60.0, 45.0, 75.0, 135.0]",10.175
29,402086449,22.419589771797384,3.2550231193340218,-0.1401047734375785,2.278698326425343,0.45290996262535155,0.7,0.18115916592902548,0.05937305270294277,2.0595018187196676,2.0595018187196676,37,True,True,37,0.32432432432432434,12,0.0563954888841428,0.0681656504594379,0.4762175411451608,,"[8, 3, 2, 1, 2, 1, 3, 2, 4, 5, 6, 0]","[0, 0, 1, 1, 2, 1, 3, 2, 4, 5, 6, 0]","[13.0, 6.0, 9.0, 6.0, 13.0, 8.0, 29.0, 30.0, 60.0, 75.0, 90.0, 0.0]",9.162162162162161
30,434874509,27.13958397581333,8.108464277815472,-0.15179159222081856,3.0735436237860627,3.5570814793403738,0.7,0.310863128738968,0.24172387844055757,2.4670545551211496,2.4670545551211496,38,True,True,38,0.2894736842105263,11,0.12458624243064967,0.05302061809439703,0.5233409579377621,,"[7, 3, 2, 2, 1, 2, 2, 2, 4, 4, 9, 0]","[0, 0, 1, 2, 1, 2, 2, 2, 4, 4, 9, 0]","[13.0, 7.0, 11.0, 13.0, 7.0, 18.0, 23.0, 29.0, 60.0, 60.0, 135.0, 0.0]",9.894736842105264
31,3218017924,19.588497492022146,2.9034945643603765,-0.07732895090222339,3.551940666626983,0.7014315133127954,0.7,0.19286631297842313,0.19286631297842313,1.769790444001885,1.769790444001885,37,True,True,37,0.43243243243243246,16,0.054974648434009406,0.09225492638360192,0.45146345905959606,,"[6, 4, 2, 2, 2, 2, 2, 3, 5, 9, 0, 0]","[0, 0, 0, 0, 0, 2, 2, 3, 5, 9, 0, 0]","[21.0, 12.0, 6.0, 10.0, 10.0, 15.0, 19.0, 41.0, 75.0, 135.0, 0.0, 0.0]",9.297297297297296
32,3436406801,42.634764749530476,8.891820910501746,-0.06245647065605812,1.8343738990321423,2.650607497915614,0.7,0.9198646407022115,0.16785550083636996,4.018680992611671,4.018680992611671,41,True,True,41,0.2682926829268293,11,0.14836239451196478,0.0431626725889133,0.588992957957089,,"[9, 1, 2, 1, 1, 1, 2, 2, 3, 3, 5, 11]","[0, 0, 1, 1, 1, 1, 2, 2, 3, 3, 5, 11]","[20.0, 3.0, 11.0, 9.0, 10.0, 10.0, 21.0, 27.0, 45.0, 45.0, 75.0, 165.0]",10.75609756097561
33,3841210621,27.716476817589776,4.795516944919209,-0.09100890480953151,1.0152874528254758,2.4316341323771136,0.7,0.363385303324273,0.09590017539295745,2.6226545511745805,2.6226545511745805,38,True,True,38,0.3684210526315789,14,0.09187682876574284,0.04568292312580506,0.4666574578732252,,"[8, 2, 2, 2, 1, 1, 3, 1, 5, 3, 10, 0]","[0, 0, 0, 0, 1, 1, 3, 1, 5, 3, 10, 0]","[16.0, 6.0, 6.0, 10.0, 7.0, 8.0, 35.0, 15.0, 75.0, 45.0, 150.0, 0.0]",9.81578947368421
34,3245135653,17.46371747076606,2.542280233963359,-0.065594693606371,3.38767373405259,4.015489962020399,0.7,0.22120919445138396,0.22120919445138396,1.5803475070520154,1.5803475070520154,37,True,True,37,0.2972972972972973,11,0.13082631726638005,0.04425202660022056,0.5140793330501765,,"[7, 3, 3, 2, 2, 2, 2, 3, 6, 7, 0, 0]","[0, 1, 1, 2, 2, 2, 2, 3, 6, 7, 0, 0]","[35.0, 15.0, 14.0, 14.0, 15.0, 16.0, 19.0, 44.0, 90.0, 105.0, 0.0, 0.0]",9.91891891891892
35,881206092,30.591858156571387,3.0702615664112454,-0.08476552533054653,1.5988124564287434,4.100931572395422,0.7,0.46839495342980075,0.09114936133866569,2.894646366135485,2.894646366135485,39,True,True,39,0.3076923076923077,12,0.13404715857815747,0.02162619260015368,0.5326936668716371,,"[8, 3, 1, 2, 1, 1, 2, 2, 4, 4, 8, 3]","[0, 0, 0, 2, 1, 1, 2, 2, 4, 4, 8, 3]","[13.0, 9.0, 4.0, 14.0, 8.0, 9.0, 20.0, 27.0, 60.0, 60.0, 120.0, 45.0]",9.974358974358974
36,4270803833,28.016501238809056,14.169676347760262,-0.03153609068854334,0.49086425199786976,1.3842336990844053,0.7,0.4694524189246549,0.21267901721880036,2.744360531039882,2.744360531039882,38,True,True,38,0.15789473684210525,6,0.0726640864383142,0.022136521086729543,0.6683640000410378,,"[8, 2, 2, 2, 1, 1, 2, 2, 4, 4, 10, 0]","[2, 2, 2, 2, 1, 1, 2, 2, 4, 4, 10, 0]","[28.0, 12.0, 14.0, 20.0, 10.0, 10.0, 23.0, 30.0, 60.0, 60.0, 150.0, 0.0]",10.973684210526315
37,1541349706,22.484407399355,0.16818738158790086,-0.027728286306256077,5.059930021693304,3.253786597457862,0.7,0.09537395273099832,0.0490640032648915,2.1306186874354482,2.1306186874354482,38,True,True,38,0.21052631578947367,8,0.10386206417171905,0.025762732634840767,0.5806476250290871,,"[7, 3, 3, 1, 2, 1, 3, 2, 5, 5, 6, 0]","[0, 2, 3, 1, 2, 1, 3, 2, 5, 5, 6, 0]","[23.0, 17.0, 26.0, 10.0, 20.0, 10.0, 33.0, 30.0, 75.0, 75.0, 90.0, 0.0]",10.763157894736842
38,2663313734,23.07146320928874,15.496825719037124,-0.036126254731613065,4.173656789759655,2.6081498245007118,0.7,0.3011626150133505,0.2968632015316178,2.1636426033963483,2.1636426033963483,38,True,True,38,0.21052631578947367,8,0.09359568578801418,0.02691042296722794,0.5412391249556094,,"[7, 3, 2, 2, 2, 1, 3, 2, 4, 5, 7, 0]","[0, 2, 2, 2, 2, 1, 3, 2, 4, 5, 7, 0]","[19.0, 17.0, 15.0, 20.0, 20.0, 10.0, 33.0, 30.0, 60.0, 75.0, 105.0, 0.0]",10.631578947368421
39,1484126134,44.931945048555804,16.942861604387314,-0.1298879924311952,4.90323557597437,1.1832431982817648,0.7,0.4423883184513275,0.37077593220957145,4.493028343306127,4.493028343306127,63,True,True,63,0.5714285714285714,36,0.15130021981572275,0.2897129550334598,0.6572745831217617,,"[20, 13, 2, 1, 1, 1, 2, 1, 3, 3, 4, 12]","[0, 0, 0, 0, 1, 1, 2, 1, 3, 3, 4, 12]","[47.0, 36.0, 6.0, 5.0, 6.0, 6.0, 20.0, 14.0, 45.0, 45.0, 60.0, 180.0]",7.4603174603174605
40,1256543000,41.1570277636301,10.007241026512785,-0.030811290923490515,1.8451653793444414,1.0642624326437862,0.7,0.8980780318785159,0.24320546014391256,4.114426527640592,4.114426527640592,40,True,True,40,0.325,13,0.12890107685958005,0.10872909555907846,0.5724896248430014,,"[9, 2, 1, 1, 1, 1, 2, 2, 3, 3, 5, 10]","[0, 0, 0, 0, 1, 1, 2, 2, 3, 3, 5, 10]","[24.0, 6.0, 3.0, 5.0, 6.0, 6.0, 18.0, 27.0, 45.0, 45.0, 75.0, 150.0]",10.25
41,455517626,31.637907887191187,1.5250963816147058,-0.039123354615621754,1.0930237558694686,1.522842210073491,0.7,0.5866934941805954,0.07887534940687112,3.1041492414175984,3.1041492414175984,39,True,True,39,0.2564102564102564,10,0.10561817123338871,0.02161940890276714,0.5556785420048982,,"[8, 3, 1, 2, 1, 1, 2, 2, 4, 3, 7, 5]","[0, 1, 1, 2, 1, 1, 2, 2, 4, 3, 7, 5]","[29.0, 14.0, 8.0, 19.0, 10.0, 10.0, 22.0, 28.0, 60.0, 45.0, 105.0, 75.0]",10.897435897435898
42,2874971565,24.786419598294987,7.460321029926509,-0.10135322130008116,3.782098031352444,1.6598379203585074,0.7,0.3473595990956749,0.18085251432614063,2.303574582894676,2.303574582894676,38,True,True,38,0.3684210526315789,14,0.08791666607973825,0.10406046333913838,0.4773454579990357,,"[8, 3, 2, 1, 2, 1, 2, 2, 5, 4, 8, 0]","[0, 0, 0, 0, 2, 1, 2, 2, 5, 4, 8, 0]","[20.0, 7.0, 9.0, 5.0, 12.0, 7.0, 18.0, 28.0, 75.0, 60.0, 120.0, 0.0]",9.5
43,3588513149,28.721874510639907,15.73084294315848,-0.09932262080597556,3.5193758153416828,2.2403353157334,0.7,0.4814499861397523,0.2545590453647271,2.674066824758554,2.674066824758554,39,True,True,39,0.20512820512820512,8,0.07753719388480934,0.013331508937949895,0.5680088340304792,,"[8, 3, 2, 1, 2, 1, 2, 2, 4, 4, 10, 0]","[2, 1, 2, 1, 2, 1, 2, 2, 4, 4, 10, 0]","[28.0, 14.0, 13.0, 9.0, 18.0, 10.0, 21.0, 27.0, 60.0, 60.0, 150.0, 0.0]",10.512820512820513
44,3581322189,36.77353158926806,10.83045562315831,-0.040272828409586084,4.518439521455111,1.955054355001068,0.7,0.97411992540668,0.23212570729324236,3.6877032759150725,3.6877032759150725,44,True,True,44,0.38636363636363635,17,0.1449517752795214,0.20530903494919572,0.570971708977595,,"[9, 6, 2, 1, 1, 1, 2, 2, 3, 3, 6, 8]","[0, 0, 0, 1, 1, 1, 2, 2, 3, 3, 6, 8]","[18.0, 16.0, 7.0, 7.0, 9.0, 9.0, 21.0, 27.0, 45.0, 45.0, 90.0, 120.0]",9.409090909090908
45,278057668,30.47453573277379,8.840959684259586,-0.0366405603700951,4.1129658207494835,4.016271591337199,0.7,0.6126240278855531,0.23583168143561678,2.9919458628008857,2.9919458628008857,39,True,True,39,0.28205128205128205,11,0.15269441279187485,0.06340716566591395,0.546828499995172,,"[8, 3, 2, 1, 1, 2, 2, 1, 4, 4, 8, 3]","[1, 0, 1, 1, 1, 2, 2, 1, 4, 4, 8, 3]","[26.0, 11.0, 12.0, 9.0, 9.0, 18.0, 22.0, 15.0, 60.0, 60.0, 120.0, 45.0]",10.435897435897436
46,471915576,29.60526759814638,6.238385955305716,-0.09471613501667496,4.517268425398087,1.998989539125371,0.7,0.5327565205050834,0.16698884654178459,2.8030631317117063,2.8030631317117063,39,True,True,39,0.38461538461538464,15,0.08606827889482997,0.08391445682208509,0.51718391594477,,"[8, 3, 2, 1, 2, 1, 2, 2, 4, 3, 11, 0]","[0, 0, 0, 0, 1, 1, 2, 2, 4, 3, 11, 0]","[14.0, 8.0, 8.0, 5.0, 11.0, 7.0, 20.0, 30.0, 60.0, 45.0, 165.0, 0.0]",9.564102564102564
47,1341900657,24.388384761586963,3.024652423184764,-0.04361257977704582,2.7113770995303623,0.7323010073668759,0.7,0.042780824386699834,0.03820197346386667,2.284122217758089,2.284122217758089,38,True,True,38,0.3157894736842105,12,0.057754313512787016,0.09070926232931853,0.5331195420585573,,"[7, 3, 2, 2, 2, 1, 2, 2, 5, 4, 8, 0]","[0, 0, 0, 2, 2, 1, 2, 2, 5, 4, 8, 0]","[13.0, 7.0, 9.0, 13.0, 17.0, 9.0, 20.0, 25.0, 74.0, 60.0, 120.0, 0.0]",9.657894736842104
48,1866644610,28.66696495521823,1.6139268662434516,-0.1376898089607551,1.1717716009311125,3.4409601836868178,0.7,0.3873017874005057,0.13293301703193955,2.6278968218212486,2.6278968218212486,39,True,True,39,0.3333333333333333,13,0.1182757904674377,0.06945830201525335,0.49845616705715656,,"[8, 3, 2, 1, 2, 1, 2, 2, 4, 4, 10, 0]","[0, 0, 0, 1, 2, 1, 2, 2, 4, 4, 10, 0]","[16.0, 8.0, 9.0, 8.0, 16.0, 9.0, 22.0, 29.0, 60.0, 60.0, 150.0, 0.0]",9.923076923076923
49,3780871885,19.05965108250512,9.600203450410731,-0.03703831890805419,0.6151366008098325,1.838995336686177,0.7,0.13778185281533198,0.1358403406813225,1.7920380383295444,1.7920380383295444,38,True,True,38,0.42105263157894735,16,0.07835594195510358,0.09509498489287818,0.47036779089830816,,"[8, 3, 3, 2, 1, 2, 2, 3, 5, 9, 0, 0]","[0, 0, 0, 0, 1, 2, 2, 3, 5, 9, 0, 0]","[16.0, 9.0, 11.0, 10.0, 7.0, 16.0, 25.0, 45.0, 75.0, 135.0, 0.0, 0.0]",9.18421052631579
50,378050586,17.38850696419133,12.608085740569676,-0.14523835642998467,0.3779980813206667,1.1944033495998947,0.7,0.2226653213017497,0.2226653213017497,1.512711114294005,1.512711114294005,37,True,True,37,0.1891891891891892,7,0.04577661249294306,0.02249844724214382,0.6530960421077907,,"[7, 4, 3, 2, 2, 1, 3, 3, 6, 6, 0, 0]","[0, 4, 3, 2, 2, 1, 3, 3, 6, 6, 0, 0]","[27.0, 24.0, 25.0, 20.0, 20.0, 10.0, 37.0, 45.0, 90.0, 90.0, 0.0, 0.0]",10.486486486486486
51,878109748,33.675020408295396,15.803332560133526,-0.03303948639268564,3.7653415269339052,2.3525268765416003,0.7,0.6788213580238913,0.32855858594199344,3.283826923043088,3.283826923043088,39,True,True,39,0.28205128205128205,11,0.08430428571375721,0.015669642295592482,0.5894313328899443,,"[8, 2, 2, 1, 2, 1, 2, 1, 4, 3, 7, 6]","[0, 0, 1, 1, 2, 1, 2, 1, 4, 3, 7, 6]","[21.0, 5.0, 9.0, 8.0, 19.0, 10.0, 21.0, 13.0, 59.0, 45.0, 105.0, 90.0]",10.384615384615385
52,478174867,15.68564698698248,16.803032488498193,-0.02144612278198235,2.824615564632496,1.3688287597930509,0.7,0.3327920399014781,0.3327920399014781,1.448976862022825,1.448976862022825,37,True,True,37,0.32432432432432434,12,0.05048166093429003,0.036400755117613245,0.46905883378349245,,"[7, 4, 3, 2, 2, 1, 3, 3, 8, 4, 0, 0]","[0, 0, 2, 2, 2, 1, 3, 3, 8, 4, 0, 0]","[14.0, 15.0, 17.0, 12.0, 13.0, 8.0, 35.0, 45.0, 120.0, 60.0, 0.0, 0.0]",9.162162162162161
53,583339154,28.541424083861255,16.938542260458387,-0.11456810763582181,0.4163934627916297,5.184683905435013,0.7,0.464380151662427,0.31117152991344427,2.680208510851971,2.680208510851971,38,True,True,38,0.3684210526315789,14,0.16617438496474937,0.05518955865541995,0.4869511250872165,,"[8, 2, 2, 2, 1, 1, 3, 1, 4, 4, 10, 0]","[0, 0, 0, 0, 1, 1, 3, 1, 4, 4, 10, 0]","[15.0, 4.0, 6.0, 10.0, 6.0, 6.0, 29.0, 15.0, 60.0, 60.0, 150.0, 0.0]",9.5
54,4016114303,22.43709276941274,1.4994160779718848,-0.12176177535515055,3.3506243327569063,2.1693054494679656,0.7,0.0818014948926708,0.05697152389098838,2.0386873925542277,2.0386873925542277,38,True,True,38,0.34210526315789475,13,0.07791794319966454,0.05705718682786193,0.49789825011976063,,"[8, 3, 2, 2, 2, 1, 2, 3, 4, 5, 6, 0]","[0, 0, 0, 2, 2, 1, 2, 3, 4, 5, 6, 0]","[22.0, 9.0, 9.0, 14.0, 14.0, 7.0, 16.0, 42.0, 60.0, 75.0, 90.0, 0.0]",9.421052631578947
55,2021518043,29.926089933839165,14.12245241547198,-0.07858982300822977,4.386547295948084,0.3854367570457813,0.7,0.5217964073113432,0.27486541749645427,2.862940662882803,2.862940662882803,39,True,True,39,0.2564102564102564,10,0.033222456683257046,0.054217745222185934,0.5952788752038032,,"[8, 3, 2, 1, 2, 1, 2, 2, 4, 3, 11, 0]","[0, 1, 2, 1, 2, 1, 2, 2, 4, 3, 11, 0]","[20.0, 16.0, 16.0, 10.0, 20.0, 10.0, 22.0, 29.0, 60.0, 45.0, 165.0, 0.0]",10.58974358974359
56,1063421540,22.206536288566603,4.207967626260831,-0.08481061611268995,3.591069305360212,2.608330053374381,0.7,0.08158983426021008,0.08158983426021008,2.0698042190454387,2.0698042190454387,38,True,True,38,0.3157894736842105,12,0.1178194016483467,0.09088089735991468,0.5229109998326749,,"[7, 4, 2, 2, 2, 1, 2, 3, 4, 5, 6, 0]","[0, 0, 1, 2, 2, 1, 2, 3, 4, 5, 6, 0]","[16.0, 10.0, 11.0, 12.0, 14.0, 10.0, 21.0, 44.0, 60.0, 75.0, 90.0, 0.0]",9.552631578947368
57,1662893835,15.483573958482637,15.059893202584659,-0.06411864101241946,1.547844594181574,1.981155213090817,0.7,0.3256031849866846,0.3256031849866846,1.3991493606547125,1.3991493606547125,37,True,True,37,0.2972972972972973,11,0.06837587079934616,0.04357568032912824,0.5204036249779165,,"[7, 4, 3, 2, 2, 2, 3, 3, 8, 3, 0, 0]","[0, 0, 3, 2, 2, 2, 3, 3, 8, 3, 0, 0]","[24.0, 19.0, 20.0, 18.0, 19.0, 20.0, 32.0, 45.0, 120.0, 45.0, 0.0, 0.0]",9.783783783783784
58,1216011965,24.859427573446393,0.490425657860205,-0.121783746993585,0.8026341925957378,3.2616040047302173,0.7,0.1327973975668486,0.08106559573999349,2.2546100296916585,2.2546100296916585,38,True,True,38,0.34210526315789475,13,0.12074557633825138,0.05249022825758211,0.5149142909795046,,"[7, 3, 2, 2, 2, 1, 2, 2, 5, 4, 8, 0]","[0, 0, 0, 1, 2, 1, 2, 2, 5, 4, 8, 0]","[12.0, 9.0, 6.0, 12.0, 16.0, 8.0, 22.0, 30.0, 75.0, 60.0, 120.0, 0.0]",9.736842105263158
59,1184578272,27.14244158330591,0.14039628838129925,-0.03923728705046042,0.3209706012398684,3.2545185168017374,0.7,0.25961726023276127,0.12195442819817806,2.577367381214583,2.577367381214583,39,True,True,39,0.38461538461538464,15,0.12091205591768565,0.05993880385221487,0.5243647918105125,,"[8, 3, 2, 1, 2, 1, 2, 2, 4, 4, 10, 0]","[0, 0, 0, 0, 1, 1, 2, 2, 4, 4, 10, 0]","[14.0, 6.0, 9.0, 5.0, 11.0, 6.0, 16.0, 29.0, 60.0, 60.0, 150.0, 0.0]",9.384615384615385
60,2320622584,26.620248749157557,18.233675943942806,-0.09664376228986314,2.964040995034343,4.202680423469104,0.7,0.5182682927580213,0.304754679565801,2.6198456868267237,2.6198456868267237,37,True,True,37,0.32432432432432434,12,0.1894270994460771,0.053365229146793966,0.5419364159461111,,"[8, 2, 2, 2, 1, 1, 3, 1, 4, 4, 9, 0]","[0, 0, 0, 2, 1, 1, 3, 1, 4, 4, 9, 0]","[20.0, 6.0, 8.0, 12.0, 7.0, 9.0, 31.0, 15.0, 60.0, 60.0, 135.0, 0.0]",9.81081081081081
61,1116632570,29.96359712735465,10.366930575037497,-0.14718928651488408,4.1707507119982505,2.301350786493666,0.7,0.5696102034325439,0.2840941878552978,2.9209755399206627,2.9209755399206627,37,True,True,37,0.40540540540540543,15,0.174324847981104,0.052644835176413426,0.4875166250858456,,"[8, 2, 2, 1, 2, 1, 2, 2, 3, 4, 10, 0]","[0, 0, 0, 0, 0, 1, 2, 2, 3, 4, 10, 0]","[22.0, 5.0, 7.0, 5.0, 10.0, 7.0, 18.0, 29.0, 45.0, 60.0, 150.0, 0.0]",9.675675675675675
62,4178100634,15.9089822994672,6.908552925458699,-0.06449028685380231,3.0935187609584958,1.3332775782645094,0.7,0.24673350397187285,0.24673350397187285,1.4403186169614488,1.4403186169614488,37,True,True,37,0.35135135135135137,13,0.05124885222701301,0.038875995864299,0.4726737500168383,,"[7, 4, 3, 2, 2, 2, 3, 2, 8, 4, 0, 0]","[0, 0, 1, 2, 2, 2, 3, 2, 8, 4, 0, 0]","[24.0, 19.0, 17.0, 14.0, 15.0, 16.0, 37.0, 30.0, 120.0, 60.0, 0.0, 0.0]",9.513513513513514
63,912447656,31.435801340497886,5.3235953924660055,-0.009568605213709612,1.028257181175966,3.6520601452405774,0.7,0.5733278912115033,0.08120957778615553,3.1050569572095954,3.1050569572095954,39,True,True,39,0.3076923076923077,12,0.1313315352509635,0.04494317236935082,0.5384184590075165,,"[8, 3, 1, 2, 1, 1, 2, 2, 4, 3, 7, 5]","[0, 0, 0, 2, 1, 1, 2, 2, 4, 3, 7, 5]","[12.0, 9.0, 3.0, 13.0, 8.0, 8.0, 21.0, 29.0, 60.0, 45.0, 105.0, 75.0]",9.948717948717949
64,117737189,21.2265958975361,2.60190491553123,-0.09755183355450509,2.1073078451415257,1.811260903585776,0.7,0.042459189559570565,0.0313140151744816,1.9392415737892046,1.9392415737892046,38,True,True,38,0.34210526315789475,13,0.05723930161210863,0.02016347509603679,0.5083940830081701,,"[8, 3, 2, 2, 2, 1, 3, 2, 5, 6, 4, 0]","[0, 0, 0, 2, 2, 1, 3, 2, 5, 6, 4, 0]","[13.0, 6.0, 8.0, 12.0, 13.0, 8.0, 30.0, 27.0, 75.0, 90.0, 60.0, 0.0]",9.0
65,1400922253,39.06983788340757,4.916220587308296,-0.11722630860468462,3.940236867115699,2.6939250419031597,0.7,0.7094176821218448,0.11935349284433235,3.685388925393023,3.685388925393023,40,True,True,40,0.35,14,0.1095953777865632,0.10862221675669659,0.553941500140354,,"[8, 2, 2, 1, 2, 1, 1, 2, 3, 3, 6, 9]","[0, 0, 0, 0, 1, 1, 1, 2, 3, 3, 6, 9]","[16.0, 5.0, 6.0, 5.0, 11.0, 9.0, 11.0, 30.0, 45.0, 45.0, 90.0, 135.0]",10.2
66,3341270185,19.869893678040643,2.782429192656784,-0.10733245014372615,3.15402599191481,3.9613303450715853,0.7,0.07673364223708803,0.04243458079577752,1.8388316149368018,1.8388316149368018,37,True,True,37,0.35135135135135137,13,0.16432257181979026,0.0684993150341078,0.49531620903871953,,"[8, 3, 2, 2, 2, 1, 3, 2, 5, 9, 0, 0]","[0, 0, 0, 2, 2, 1, 3, 2, 5, 9, 0, 0]","[14.0, 6.0, 7.0, 13.0, 16.0, 10.0, 32.0, 30.0, 75.0, 135.0, 0.0, 0.0]",9.135135135135135
67,1973147339,18.41432068301886,9.664280315010247,-0.050944481157244204,0.5337342608204226,2.445120311324092,0.7,0.20531519754652497,0.20531519754652497,1.6960399084105349,1.6960399084105349,37,True,True,37,0.35135135135135137,13,0.08376210525795465,0.04355257882958474,0.4717697501182556,,"[7, 3, 3, 2, 2, 1, 3, 2, 6, 8, 0, 0]","[0, 0, 0, 2, 2, 1, 3, 2, 6, 8, 0, 0]","[15.0, 6.0, 10.0, 12.0, 13.0, 9.0, 29.0, 27.0, 90.0, 120.0, 0.0, 0.0]",8.945945945945946
68,3038263662,16.184852574748575,13.22780638599223,-0.060633682377707526,3.5138661796936947,2.4746983356899035,0.7,0.35529364890885035,0.35529364890885035,1.4602467880930472,1.4602467880930472,37,True,True,37,0.21621621621621623,8,0.09160019441014586,0.07968402266714078,0.5633602081798017,,"[7, 4, 2, 3, 2, 1, 3, 3, 7, 5, 0, 0]","[0, 3, 2, 3, 2, 1, 3, 3, 7, 5, 0, 0]","[27.0, 23.0, 16.0, 30.0, 20.0, 10.0, 38.0, 45.0, 105.0, 75.0, 0.0, 0.0]",10.513513513513514
69,2996529361,19.85477632301485,4.998638531957427,-0.07469878522768272,3.383524566085366,1.6360916805091488,0.7,0.09797642316458893,0.09797642316458893,1.807174809846167,1.807174809846167,38,True,True,38,0.23684210526315788,9,0.06618659023903468,0.04542498283702246,0.5789616249967366,,"[7, 4, 2, 2, 2, 1, 3, 2, 6, 9, 0, 0]","[0, 2, 2, 2, 2, 1, 3, 2, 6, 9, 0, 0]","[20.0, 23.0, 16.0, 20.0, 20.0, 10.0, 37.0, 30.0, 90.0, 135.0, 0.0, 0.0]",10.552631578947368
70,2935916828,18.944106217474673,15.766995845165493,-0.14168188458331854,1.6418656936897464,1.4288325207605403,0.7,0.26894270305115253,0.26894270305115253,1.6385360473651762,1.6385360473651762,37,True,True,37,0.3783783783783784,14,0.052717205231699794,0.03587756363533151,0.4476222498342395,,"[7, 3, 3, 2, 2, 1, 3, 2, 6, 8, 0, 0]","[0, 0, 0, 1, 2, 1, 3, 2, 6, 8, 0, 0]","[16.0, 7.0, 11.0, 11.0, 14.0, 9.0, 34.0, 30.0, 90.0, 120.0, 0.0, 0.0]",9.243243243243244
71,2007737917,31.071713686161754,13.629311653375455,-0.05266534994923299,3.7417513494871453,3.1513585716500807,0.7,0.4505906870099382,0.2703879196100407,2.8683308996616073,2.8683308996616073,39,True,True,39,0.3076923076923077,12,0.17460992321194801,0.051026450429644515,0.6241798750124872,,"[7, 3, 2, 1, 2, 1, 2, 2, 4, 3, 8, 4]","[0, 0, 0, 1, 2, 1, 2, 2, 4, 3, 8, 4]","[12.0, 7.0, 9.0, 7.0, 19.0, 10.0, 22.0, 29.0, 60.0, 45.0, 120.0, 60.0]",10.256410256410257
72,3389934216,38.68602624165473,17.666029319326853,-0.030720556980768563,0.2926413451281853,1.990004487876097,0.7,0.6414816785507926,0.24029499477778096,3.763090964706891,3.763090964706891,40,True,True,40,0.3,12,0.1806887605060589,0.1468814525830169,0.5091873339843005,,"[8, 2, 2, 1, 2, 1, 1, 2, 4, 2, 6, 9]","[0, 0, 0, 1, 2, 1, 1, 2, 4, 2, 6, 9]","[17.0, 5.0, 6.0, 6.0, 13.0, 7.0, 9.0, 27.0, 60.0, 30.0, 90.0, 135.0]",10.125
73,2057124462,20.046771476588603,10.305628354974711,-0.1253959331130531,4.497091095822057,3.125410157283938,0.7,0.1523566406092863,0.14295409252139618,1.781981193925147,1.781981193925147,38,True,True,38,0.39473684210526316,15,0.10644907334949402,0.04730981810300969,0.48816962516866624,,"[8, 3, 3, 2, 1, 2, 2, 3, 5, 8, 1, 0]","[0, 0, 0, 1, 1, 2, 2, 3, 5, 8, 1, 0]","[14.0, 6.0, 12.0, 11.0, 6.0, 15.0, 19.0, 42.0, 75.0, 120.0, 15.0, 0.0]",8.81578947368421
74,2479223970,30.882384680875305,18.297714466109475,-0.04340880316064338,2.0508651332534034,2.0595826064313143,0.7,0.503496889149087,0.21842086855826617,2.9527949024867155,2.9527949024867155,39,True,True,39,0.23076923076923078,9,0.08337748814696522,0.04545888990592802,0.5993017500732094,,"[8, 2, 2, 2, 1, 1, 2, 2, 4, 3, 8, 4]","[0, 1, 2, 2, 1, 1, 2, 2, 4, 3, 8, 4]","[21.0, 10.0, 13.0, 19.0, 10.0, 10.0, 20.0, 28.0, 60.0, 45.0, 120.0, 60.0]",10.666666666666666
75,3088339607,31.525782843012333,8.015031014356635,-0.14364966944256038,4.1826005326356395,2.857173315947997,0.7,0.4832854961097343,0.18252416226123733,2.803295772574396,2.803295772574396,40,True,True,40,0.375,15,0.16876660065231436,0.04417773587388428,0.5655169591773301,,"[8, 3, 2, 1, 2, 1, 2, 2, 4, 3, 8, 4]","[0, 0, 0, 0, 1, 1, 2, 2, 4, 3, 8, 4]","[16.0, 6.0, 9.0, 5.0, 11.0, 7.0, 19.0, 29.0, 60.0, 45.0, 120.0, 60.0]",9.675
76,3178075564,29.338576010947783,3.8223852223187533,-0.1191564391212,3.066738835399979,0.8848259061168585,0.7,0.23289104546882378,0.03981181835506393,2.7001431821090742,2.7001431821090742,39,True,True,39,0.3076923076923077,12,0.07338614044081286,0.10705751465143232,0.4907515000086278,,"[8, 2, 2, 2, 1, 2, 2, 2, 4, 3, 11, 0]","[0, 0, 0, 2, 1, 2, 2, 2, 4, 3, 11, 0]","[17.0, 8.0, 8.0, 12.0, 7.0, 15.0, 25.0, 30.0, 60.0, 45.0, 165.0, 0.0]",10.051282051282051
77,3885500190,26.68722883205965,14.970920922857005,-0.02131248149950832,2.2406517242774973,0.6599619235398834,0.7,0.48161491423409136,0.27111596655002623,2.613050673529178,2.613050673529178,38,True,True,38,0.34210526315789475,13,0.07230440569445305,0.06945425193190645,0.5069265000056475,,"[8, 2, 2, 2, 1, 2, 2, 2, 4, 4, 9, 0]","[0, 0, 0, 1, 1, 2, 2, 2, 4, 4, 9, 0]","[14.0, 5.0, 6.0, 12.0, 7.0, 18.0, 20.0, 27.0, 60.0, 60.0, 135.0, 0.0]",9.578947368421053
78,2630634027,17.527434861131763,10.099406088866717,-0.11649932345826661,0.904490406801323,1.665407855902577,0.7,0.14739359993531476,0.14739359993531476,1.6089638974610705,1.6089638974610705,36,True,True,36,0.2222222222222222,8,0.09272041475186003,0.027904211207131862,0.5491879580076784,,"[7, 4, 2, 2, 2, 1, 3, 3, 6, 6, 0, 0]","[0, 3, 2, 2, 2, 1, 3, 3, 6, 6, 0, 0]","[32.0, 25.0, 17.0, 20.0, 20.0, 10.0, 36.0, 45.0, 90.0, 90.0, 0.0, 0.0]",10.694444444444445
79,2645259996,15.991726862914645,10.293034476276688,-0.11357914319848354,0.44427704786789185,1.3787722013920136,0.7,0.29453867560054253,0.29453867560054253,1.3749270308657182,1.3749270308657182,36,True,True,36,0.4166666666666667,15,0.06311101578570143,0.08172927596456259,0.47657383303157985,,"[6, 4, 3, 2, 2, 2, 3, 2, 8, 4, 0, 0]","[0, 0, 0, 0, 2, 2, 3, 2, 8, 4, 0, 0]","[12.0, 8.0, 14.0, 10.0, 13.0, 15.0, 39.0, 30.0, 120.0, 60.0, 0.0, 0.0]",8.916666666666666
80,2048489422,33.74749325871411,7.276071326170101,-0.10923308266019675,4.333299596622049,2.118465691613792,0.7,0.7650180350860765,0.2112876406251025,3.1869718593505225,3.1869718593505225,39,True,True,39,0.28205128205128205,11,0.1599993002850858,0.10101402174684396,0.5890239160507917,,"[8, 2, 2, 1, 2, 1, 2, 1, 4, 3, 7, 6]","[0, 0, 1, 1, 2, 1, 2, 1, 4, 3, 7, 6]","[20.0, 6.0, 10.0, 8.0, 17.0, 9.0, 22.0, 13.0, 60.0, 45.0, 105.0, 90.0]",10.384615384615385
81,1126527871,40.08867716739208,0.045940997250293325,-0.00866129671983578,3.953960723975388,3.3435732191859207,0.7,0.9734736610803472,0.10787393274656767,3.9064706980339903,3.9064706980339903,41,True,True,41,0.2926829268292683,12,0.13300127862902825,0.09025543128838873,0.6049366670195013,,"[9, 2, 2, 1, 1, 1, 2, 1, 4, 3, 5, 10]","[0, 0, 1, 1, 1, 1, 2, 1, 4, 3, 5, 10]","[15.0, 5.0, 9.0, 9.0, 9.0, 10.0, 21.0, 15.0, 60.0, 45.0, 75.0, 150.0]",10.317073170731707
82,3593316027,15.890566048768699,16.47827892674166,-0.052780856437873856,4.209688615545711,3.545321429438878,0.7,0.2848958998118249,0.2848958998118249,1.4525329517066203,1.4525329517066203,37,True,True,37,0.35135135135135137,13,0.1305844000183652,0.08794219585395883,0.4891723748296499,,"[7, 4, 3, 2, 2, 1, 3, 3, 8, 4, 0, 0]","[0, 0, 1, 2, 2, 1, 3, 3, 8, 4, 0, 0]","[15.0, 9.0, 12.0, 14.0, 14.0, 8.0, 30.0, 44.0, 120.0, 60.0, 0.0, 0.0]",8.81081081081081
83,2877386590,26.534493460090115,12.834436592060117,-0.022460629379159273,5.004663804701673,2.5812400866311402,0.7,0.3591193398757992,0.1872740496251858,2.5741318826981416,2.5741318826981416,39,True,True,39,0.38461538461538464,15,0.09221507332795884,0.06955575678695443,0.5053196251392365,,"[8, 3, 2, 2, 1, 1, 3, 2, 4, 4, 9, 0]","[0, 0, 0, 0, 1, 1, 3, 2, 4, 4, 9, 0]","[18.0, 6.0, 7.0, 10.0, 6.0, 7.0, 31.0, 30.0, 60.0, 60.0, 135.0, 0.0]",9.487179487179487
84,907826147,38.488052389010605,15.328962556439487,-0.06624809086727376,2.5236976237578554,2.169410885767416,0.7,0.4473969637630103,0.16336494116432218,3.562268182185144,3.562268182185144,40,True,True,40,0.275,11,0.190009201068412,0.17565962674360308,0.5856512079481035,,"[7, 2, 2, 2, 1, 1, 2, 2, 3, 3, 6, 9]","[1, 0, 0, 1, 1, 1, 2, 2, 3, 3, 6, 9]","[22.0, 6.0, 6.0, 11.0, 6.0, 9.0, 22.0, 30.0, 45.0, 45.0, 90.0, 135.0]",10.675
85,2938142869,32.58940998334118,9.802247588183207,-0.07149265738200788,4.879636731010188,2.274605063461145,0.7,0.49477629692904773,0.10591408304869446,3.10649290492899,3.10649290492899,39,True,True,39,0.3076923076923077,12,0.09602248279698018,0.05126929265072238,0.5785528339911252,,"[8, 2, 2, 1, 2, 1, 2, 2, 3, 4, 7, 5]","[0, 0, 0, 1, 2, 1, 2, 2, 3, 4, 7, 5]","[14.0, 5.0, 9.0, 7.0, 18.0, 10.0, 22.0, 29.0, 45.0, 60.0, 105.0, 75.0]",10.23076923076923
86,153849110,15.845247496930241,7.797721240018164,-0.15675418718645853,4.804919158525844,1.204534127673171,0.7,0.36465584624292663,0.36465584624292663,1.3024101023123849,1.3024101023123849,36,True,True,36,0.4166666666666667,15,0.07298331312026538,0.03516895934593738,0.5498055419884622,,"[6, 4, 3, 2, 2, 2, 3, 3, 7, 4, 0, 0]","[2, 0, 0, 0, 0, 2, 3, 3, 7, 4, 0, 0]","[31.0, 15.0, 10.0, 10.0, 10.0, 13.0, 30.0, 42.0, 105.0, 60.0, 0.0, 0.0]",9.055555555555555
87,1064368199,19.086578469303994,12.973322507523235,-0.024149149984557576,0.42449462406478417,3.089219490369335,0.7,0.19474577365435863,0.19474577365435863,1.7850095266650585,1.7850095266650585,38,True,True,38,0.23684210526315788,9,0.0981727720450959,0.011428281828241973,0.5657854171004146,,"[7, 4, 2, 2, 2, 2, 2, 3, 5, 9, 0, 0]","[0, 2, 2, 2, 2, 2, 2, 3, 5, 9, 0, 0]","[19.0, 22.0, 14.0, 20.0, 20.0, 21.0, 24.0, 44.0, 75.0, 135.0, 0.0, 0.0]",10.368421052631579
88,2913196754,25.539037601418542,2.940438969535564,-0.026385455474300823,1.2614314727808225,1.304707777451085,0.7,0.24401821113097508,0.08150289034768571,2.4032745542287746,2.4032745542287746,39,True,True,39,0.23076923076923078,9,0.09519457834692087,0.06092707664052278,0.6113568330183625,,"[8, 3, 2, 2, 1, 1, 3, 2, 4, 4, 9, 0]","[0, 2, 2, 2, 1, 1, 3, 2, 4, 4, 9, 0]","[27.0, 17.0, 16.0, 20.0, 10.0, 10.0, 35.0, 30.0, 60.0, 60.0, 135.0, 0.0]",10.76923076923077
89,2335584239,29.03351196033221,13.9080140001533,-0.14540120376734356,0.47558356710115557,3.051408336080684,0.7,0.49295401677214995,0.31494087874889504,2.6924543756655313,2.6924543756655313,38,True,True,38,0.18421052631578946,7,0.11037826170093003,0.03587011668116878,0.6676377078983933,,"[8, 2, 2, 2, 1, 1, 2, 2, 4, 4, 10, 0]","[1, 2, 2, 2, 1, 1, 2, 2, 4, 4, 10, 0]","[28.0, 13.0, 18.0, 20.0, 10.0, 10.0, 22.0, 29.0, 60.0, 60.0, 150.0, 0.0]",11.052631578947368
90,3922391631,26.621303915340977,10.372452501822693,-0.14289746955226557,2.5922243729539414,4.1936744469040645,0.7,0.42274755793136665,0.18303931333591564,2.4712748416810926,2.4712748416810926,38,True,True,38,0.2631578947368421,10,0.14357002734476892,0.08344198676594723,0.49686541710980237,,"[8, 3, 2, 1, 2, 1, 2, 2, 4, 4, 9, 0]","[0, 1, 2, 1, 2, 1, 2, 2, 4, 4, 9, 0]","[16.0, 15.0, 12.0, 9.0, 18.0, 10.0, 21.0, 27.0, 60.0, 60.0, 135.0, 0.0]",10.078947368421053
91,3960867150,42.69235422196997,9.761439609506272,-0.043802002900500674,3.0713049437768825,3.0456126298850035,0.7,0.9694704910735065,0.17805029704726555,4.137443762418665,4.137443762418665,40,True,True,40,0.25,10,0.10640654964327885,0.03199557401343766,0.5754933750722557,,"[8, 2, 2, 1, 1, 1, 2, 1, 3, 3, 5, 11]","[0, 0, 2, 1, 1, 1, 2, 1, 3, 3, 5, 11]","[23.0, 6.0, 13.0, 9.0, 10.0, 10.0, 21.0, 15.0, 45.0, 45.0, 75.0, 165.0]",10.925
92,2276798013,39.31376384847265,11.711417799212775,-0.03951230803834324,1.0682344365573553,1.9409073778728831,0.7,0.9915260052959828,0.2141443497750466,3.868253354428037,3.868253354428037,40,True,True,40,0.3,12,0.12394300128783883,0.07441498315083139,0.5733971248846501,,"[9, 2, 1, 2, 1, 1, 2, 1, 3, 3, 5, 10]","[0, 0, 0, 2, 1, 1, 2, 1, 3, 3, 5, 10]","[18.0, 5.0, 3.0, 14.0, 8.0, 8.0, 20.0, 14.0, 45.0, 45.0, 75.0, 150.0]",10.125
93,516110107,35.42529709340436,1.5674425135779058,-0.027725685462863064,2.1467357623656422,0.3878492688818582,0.7,0.8585363609063185,0.12011208211848262,3.452314988587923,3.452314988587923,40,True,True,40,0.225,9,0.11951633243032933,0.0982129208541801,0.7501619579270482,,"[9, 2, 2, 1, 1, 1, 2, 2, 3, 3, 6, 8]","[0, 2, 2, 1, 1, 1, 2, 2, 3, 3, 6, 8]","[43.0, 12.0, 16.0, 10.0, 10.0, 10.0, 23.0, 30.0, 45.0, 45.0, 90.0, 120.0]",11.35
94,939494736,20.83937358170035,17.878861261206435,-0.07186391944140272,2.790474474321235,3.1124398742962622,0.7,0.3190354389098899,0.28474593100082657,1.936589365066958,1.936589365066958,38,True,True,38,0.2894736842105263,11,0.10924086029510598,0.0467065891203167,0.5773288749624044,,"[8, 3, 2, 2, 2, 1, 3, 2, 5, 6, 4, 0]","[2, 0, 0, 2, 2, 1, 3, 2, 5, 6, 4, 0]","[33.0, 9.0, 8.0, 12.0, 12.0, 6.0, 29.0, 30.0, 75.0, 90.0, 60.0, 0.0]",9.578947368421053
95,1089325287,15.980366754256526,12.836934688469547,-0.047192215723493525,2.18783067428493,3.618641715850882,0.7,0.32117618439372747,0.32117618439372747,1.4368736709108558,1.4368736709108558,37,True,True,37,0.32432432432432434,12,0.12783436023050476,0.0621371020456701,0.5158361250068992,,"[6, 4, 3, 3, 1, 2, 3, 3, 7, 5, 0, 0]","[0, 0, 1, 3, 1, 2, 3, 3, 7, 5, 0, 0]","[17.0, 12.0, 13.0, 26.0, 10.0, 20.0, 33.0, 44.0, 105.0, 75.0, 0.0, 0.0]",9.594594594594595
96,2234039031,42.101156369652216,18.3527707533763,-0.09361427026096424,2.195458411750658,2.9323725372922844,0.7,0.9981000665320582,0.25254465477470134,4.095433291823306,4.095433291823306,44,True,True,44,0.29545454545454547,13,0.1040877155263156,0.03728036322140164,0.6508727921172976,,"[8, 6, 2, 1, 1, 1, 2, 2, 3, 3, 4, 11]","[1, 1, 1, 1, 1, 1, 2, 2, 3, 3, 4, 11]","[27.0, 32.0, 13.0, 10.0, 10.0, 10.0, 21.0, 28.0, 45.0, 45.0, 60.0, 165.0]",10.590909090909092
97,2478867061,36.83173539639249,14.055077562500957,-0.14284708703048005,3.6096373855911565,2.1355323614307022,0.7,0.7747130489939169,0.22182604065656122,3.5055791267034846,3.5055791267034846,39,True,True,39,0.3076923076923077,12,0.09063085219800184,0.031511848347579384,0.5521265410352498,,"[8, 2, 2, 1, 2, 1, 1, 2, 4, 2, 6, 8]","[0, 0, 0, 1, 2, 1, 1, 2, 4, 2, 6, 8]","[17.0, 6.0, 8.0, 6.0, 15.0, 9.0, 11.0, 28.0, 60.0, 30.0, 90.0, 120.0]",10.256410256410257
98,4094150468,31.773397360926726,8.456998714483426,-0.05050681389083265,3.378348119274602,3.4164046984047656,0.7,0.6233163872039471,0.08546280734416632,3.0917417003479177,3.0917417003479177,39,True,True,39,0.28205128205128205,11,0.13860721425022207,0.06398077378062383,0.4775425000116229,,"[8, 3, 1, 2, 1, 1, 2, 2, 4, 3, 7, 5]","[0, 0, 1, 2, 1, 1, 2, 2, 4, 3, 7, 5]","[11.0, 12.0, 6.0, 17.0, 9.0, 10.0, 20.0, 26.0, 60.0, 45.0, 105.0, 75.0]",10.153846153846153
99,2809981104,38.412122705960165,11.502555951448494,-0.12918831257927124,2.61606312785927,0.8939979954524901,0.7,0.8159993712832245,0.15230375122622217,3.633422778002298,3.633422778002298,40,True,True,40,0.075,3,0.06824611598565758,0.020765209443279718,0.5240338330622762,,"[9, 2, 1, 2, 1, 1, 2, 1, 4, 3, 5, 9]","[6, 2, 1, 2, 1, 1, 2, 1, 4, 3, 5, 9]","[43.0, 12.0, 7.0, 20.0, 10.0, 10.0, 23.0, 15.0, 60.0, 45.0, 75.0, 135.0]",11.375
