trial,seed,range0_m,bearing0_deg,closing0_mps,tumble0_dps,r0_err_m,sigma_px,final_range_m,min_range_m,delta_v_mps,delta_v_to_dock_mps,dock_step,docked,range_success,n_steps_run,dropout_rate,n_vision_fail,mean_pos_err_m,final_pos_err_m,wall_s,error,mean_n_visible
0,2829232026,31.826607321032874,19.93727446798608,-0.12006558044729262,3.1447795069292654,0.0,0.0,0.6982665990324547,0.37187409312854325,2.9943406709201077,2.9943406709201077,39,True,True,39,0.0,0,0.0,0.0,0.01832766691222787,,0.0
1,86292579,15.207097359227555,17.029811232865875,-0.04578488390891931,1.3196172591490478,0.0,0.0,0.28868384003739717,0.28868384003739717,1.3830404564393026,1.3830404564393026,37,True,True,37,0.0,0,0.0,0.0,0.007984000025317073,,0.0
2,917366094,16.35464129970923,11.617917276894342,-0.029235007411043273,1.42854612812509,0.0,0.0,0.2703858899061304,0.2703858899061304,1.5104464807599565,1.5104464807599565,37,True,True,37,0.0,0,0.0,0.0,0.008128040935844183,,0.0
3,2501880874,23.05267299823438,9.616573108614471,-0.09485701783247324,4.4282255279857665,0.0,0.0,0.21034102978779984,0.10201623756399769,2.1260530462177605,2.1260530462177605,38,True,True,38,0.0,0,0.0,0.0,0.007539208047091961,,0.0
4,2747836220,26.0579333450097,4.912945488414479,-0.09651171489633088,3.2757225819612223,0.0,0.0,0.31020332889785573,0.08833825239296277,2.436128690834786,2.436128690834786,39,True,True,39,0.0,0,0.0,0.0,0.014335624873638153,,0.0
5,3532151531,31.011856716026145,18.962378719154575,-0.14764892880941327,2.6894535870356946,0.0,0.0,0.5566726476000122,0.2884319841849432,2.8811891163476284,2.8811891163476284,39,True,True,39,0.0,0,0.0,0.0,0.016978709027171135,,0.0
6,1788817756,26.713634048802845,4.775212589345397,-0.022751141806861757,2.03626401173657,0.0,0.0,0.2899584596938616,0.11853018713391707,2.576556796330233,2.576556796330233,39,True,True,39,0.0,0,0.0,0.0,0.009598749922588468,,0.0
7,2646784096,15.468558064157113,1.0370761072684331,-0.03940578079494454,5.056039649891425,0.0,0.0,0.179892767770132,0.179892767770132,1.413851543245558,1.413851543245558,37,True,True,37,0.0,0,0.0,0.0,0.01082479115575552,,0.0
8,3970097117,31.731883123257987,14.96853531417975,-0.1626611550024429,3.896446156271311,0.0,0.0,0.5217486192581949,0.19030092735937054,2.933932143425214,2.933932143425214,39,True,True,39,0.0,0,0.0,0.0,0.013301207916811109,,0.0
9,3376241506,26.84376568840768,13.41759766463975,-0.11128562882129814,3.6643631626858433,0.0,0.0,0.3715400829071298,0.1855197696926445,2.4884428815963053,2.4884428815963053,38,True,True,38,0.0,0,0.0,0.0,0.01392762502655387,,0.0
10,1171323926,19.07058698315458,11.200442766718314,-0.07502651510585027,3.04765955208475,0.0,0.0,0.20290482255706133,0.20290482255706133,1.7328142619147473,1.7328142619147473,37,True,True,37,0.0,0,0.0,0.0,0.008277249988168478,,0.0
11,792633873,25.053469123263834,11.055880510448905,-0.014749633524016802,3.3258051278270053,0.0,0.0,0.251267842858401,0.10040515791592203,2.4216397900641313,2.4216397900641313,39,True,True,39,0.0,0,0.0,0.0,0.01265720883384347,,0.0
12,3774848707,34.6164742166909,5.5124696108390765,-0.037244627982231715,3.6338094545681123,0.0,0.0,0.6620231029546798,0.0836053363023577,3.360824098059234,3.360824098059234,40,True,True,40,0.0,0,0.0,0.0,0.008860124973580241,,0.0
13,2835404164,30.273859033337658,3.3888081858774504,-0.0704786152507935,2.449324750393373,0.0,0.0,0.5341510721709251,0.07415500104898567,2.8869484380940955,2.8869484380940955,39,True,True,39,0.0,0,0.0,0.0,0.011931790970265865,,0.0
14,3612099856,34.42296310004108,0.14716560165762171,-0.0186119960999381,4.870150167274136,0.0,0.0,0.6434693679596529,0.08918854284162277,3.3601353651488703,3.3601353651488703,40,True,True,40,0.0,0,0.0,0.0,0.018331040861085057,,0.0
15,3283311117,17.30746671343009,0.5163514100087173,-0.15612266005228834,0.7615990665932116,0.0,0.0,0.16261966781219955,0.16261966781219955,1.478189018745851,1.478189018745851,37,True,True,37,0.0,0,0.0,0.0,0.016441083047538996,,0.0
16,1328037991,24.12255994595842,15.015148792272116,-0.026483917941002518,3.9191228287999937,0.0,0.0,0.3005712155166622,0.25875099074506525,2.300224034380115,2.300224034380115,38,True,True,38,0.0,0,0.0,0.0,0.02084762486629188,,0.0
17,125805483,29.065457857980743,15.760942490602966,-0.004380664175222166,4.264474605222868,0.0,0.0,0.45652988122058097,0.22805490602637052,2.834201380832417,2.834201380832417,39,True,True,39,0.0,0,0.0,0.0,0.02071545785292983,,0.0
18,3639935190,36.33091329410023,13.333974997474485,-0.16637128943924392,3.241056793530974,0.0,0.0,0.7229311081325999,0.24798855046999238,3.382424496838042,3.382424496838042,39,True,True,39,0.0,0,0.0,0.0,0.02012220793403685,,0.0
19,1448801757,16.664801849442544,0.8257666742664548,-0.035954900325544624,4.233068302874736,0.0,0.0,0.20263996541274754,0.20263996541274754,1.5328477057920626,1.5328477057920626,37,True,True,37,0.0,0,0.0,0.0,0.023104459047317505,,0.0
20,37168755,36.6178768546544,8.835504384021187,-0.08200742373176875,1.043512947254689,0.0,0.0,0.7082925772798561,0.17836522304830096,3.508980257134832,3.508980257134832,40,True,True,40,0.0,0,0.0,0.0,0.022377958055585623,,0.0
21,3376963292,15.64135116758967,10.982782586147296,-0.026853350480647013,0.6764520013205076,0.0,0.0,0.2517096344890237,0.2517096344890237,1.4452165935851193,1.4452165935851193,37,True,True,37,0.0,0,0.0,0.0,0.02031358308158815,,0.0
22,1057028621,24.670681075147996,14.635661358074685,-0.11690916895354438,1.266214953321065,0.0,0.0,0.3244912134560759,0.23103046897490145,2.2635501065351025,2.2635501065351025,38,True,True,38,0.0,0,0.0,0.0,0.03277241694740951,,0.0
23,3676014604,23.30571192441045,12.037308880832207,-0.12336549646096806,4.712022138863914,0.0,0.0,0.2585391692834969,0.22239171900579444,2.118834448818578,2.118834448818578,38,True,True,38,0.0,0,0.0,0.0,0.030485207913443446,,0.0
24,905040409,20.494705078657116,18.37169986157654,-0.1372988562360422,1.5523996815210768,0.0,0.0,0.2891307776198288,0.2846391486977965,1.8137537410796987,1.8137537410796987,37,True,True,37,0.0,0,0.0,0.0,0.02900933288037777,,0.0
25,724970408,25.60286986688157,8.876980872480773,-0.08316809633175085,1.3513162779430352,0.0,0.0,0.2153062738153872,0.14424261438033867,2.385183831633147,2.385183831633147,38,True,True,38,0.0,0,0.0,0.0,0.026641666889190674,,0.0
26,3706194057,17.610656158761422,18.204328742798168,-0.09805034102273527,3.6883738275582654,0.0,0.0,0.32755487824892643,0.32755487824892643,1.5660529499482552,1.5660529499482552,37,True,True,37,0.0,0,0.0,0.0,0.026201624888926744,,0.0
27,3568634509,25.48115319792508,14.687334367063052,-0.05162663741083995,1.7859878369241418,0.0,0.0,0.3256413008990474,0.2320344146503025,2.4231319376696456,2.4231319376696456,39,True,True,39,0.0,0,0.0,0.0,0.025430999929085374,,0.0
28,1256506718,37.20331255963439,10.874027560755696,-0.06503494484279296,3.432095753938799,0.0,0.0,0.8420444434603312,0.26804678372592655,3.591533248877391,3.591533248877391,40,True,True,40,0.0,0,0.0,0.0,0.016527417115867138,,0.0
29,402086449,22.419589771797384,3.2550231193340218,-0.1401047734375785,2.278698326425343,0.0,0.0,0.13605098430239465,0.07688686375263132,2.0143038213194933,2.0143038213194933,38,True,True,38,0.0,0,0.0,0.0,0.014900667127221823,,0.0
30,434874509,27.13958397581333,8.108464277815472,-0.15179159222081856,3.0735436237860627,0.0,0.0,0.35601622059658883,0.14241604553442053,2.472570036946776,2.472570036946776,38,True,True,38,0.0,0,0.0,0.0,0.017039667116478086,,0.0
31,3218017924,19.588497492022146,2.9034945643603765,-0.07732895090222339,3.551940666626983,0.0,0.0,0.08664933583267258,0.08664933583267258,1.790805105287812,1.790805105287812,38,True,True,38,0.0,0,0.0,0.0,0.0074687921442091465,,0.0
32,3436406801,42.634764749530476,8.891820910501746,-0.06245647065605812,1.8343738990321423,0.0,0.0,0.5382245648519345,0.09805511925034714,4.272740454006725,4.272740454006725,65,True,True,65,0.0,0,0.0,0.0,0.0203809579834342,,0.0
33,3841210621,27.716476817589776,4.795516944919209,-0.09100890480953151,1.0152874528254758,0.0,0.0,0.3058020090882265,0.1061641789769478,2.5898871725432477,2.5898871725432477,38,True,True,38,0.0,0,0.0,0.0,0.006864667171612382,,0.0
34,3245135653,17.46371747076606,2.542280233963359,-0.065594693606371,3.38767373405259,0.0,0.0,0.13416452401753068,0.13416452401753068,1.583620995704757,1.583620995704757,37,True,True,37,0.0,0,0.0,0.0,0.00784124992787838,,0.0
35,881206092,30.591858156571387,3.0702615664112454,-0.08476552533054653,1.5988124564287434,0.0,0.0,0.4871781311749713,0.043689635325668164,2.90235470959898,2.90235470959898,39,True,True,39,0.0,0,0.0,0.0,0.014832915971055627,,0.0
36,4270803833,28.016501238809056,14.169676347760262,-0.03153609068854334,0.49086425199786976,0.0,0.0,0.3734931718574407,0.2280087242467009,2.6965044767746513,2.6965044767746513,39,True,True,39,0.0,0,0.0,0.0,0.013618040829896927,,0.0
37,1541349706,22.484407399355,0.16818738158790086,-0.027728286306256077,5.059930021693304,0.0,0.0,0.0764913082867814,0.04644685016201162,2.131736294488834,2.131736294488834,38,True,True,38,0.0,0,0.0,0.0,0.013238583924248815,,0.0
38,2663313734,23.07146320928874,15.496825719037124,-0.036126254731613065,4.173656789759655,0.0,0.0,0.27171786656497315,0.19637858030523403,2.189610537179929,2.189610537179929,38,True,True,38,0.0,0,0.0,0.0,0.01102824998088181,,0.0
39,1484126134,44.931945048555804,16.942861604387314,-0.1298879924311952,4.90323557597437,0.0,0.0,0.46568864832359286,0.2389285367897936,4.43932963192494,4.43932963192494,64,True,True,64,0.0,0,0.0,0.0,0.016018459107726812,,0.0
40,1256543000,41.1570277636301,10.007241026512785,-0.030811290923490515,1.8451653793444414,0.0,0.0,0.9067266336293972,0.21512159122632488,3.995672425495578,3.995672425495578,40,True,True,40,0.0,0,0.0,0.0,0.014711499912664294,,0.0
41,455517626,31.637907887191187,1.5250963816147058,-0.039123354615621754,1.0930237558694686,0.0,0.0,0.5796699783988549,0.034116500619832055,3.053880324107364,3.053880324107364,39,True,True,39,0.0,0,0.0,0.0,0.008879916043952107,,0.0
42,2874971565,24.786419598294987,7.460321029926509,-0.10135322130008116,3.782098031352444,0.0,0.0,0.20716163129046467,0.14232019473033836,2.2852871931985606,2.2852871931985606,38,True,True,38,0.0,0,0.0,0.0,0.010996083030477166,,0.0
43,3588513149,28.721874510639907,15.73084294315848,-0.09932262080597556,3.5193758153416828,0.0,0.0,0.4553826636120811,0.29996072351359915,2.6994759633528345,2.6994759633528345,39,True,True,39,0.0,0,0.0,0.0,0.012349250027909875,,0.0
44,3581322189,36.77353158926806,10.83045562315831,-0.040272828409586084,4.518439521455111,0.0,0.0,0.7758656190501507,0.24047870360917162,3.5714150696520055,3.5714150696520055,40,True,True,40,0.0,0,0.0,0.0,0.012735708151012659,,0.0
45,278057668,30.47453573277379,8.840959684259586,-0.0366405603700951,4.1129658207494835,0.0,0.0,0.45392819538561463,0.15899610540812043,2.9381598472912653,2.9381598472912653,39,True,True,39,0.0,0,0.0,0.0,0.00980554218403995,,0.0
46,471915576,29.60526759814638,6.238385955305716,-0.09471613501667496,4.517268425398087,0.0,0.0,0.4330968724383764,0.22044673967375786,2.7924350677430074,2.7924350677430074,39,True,True,39,0.0,0,0.0,0.0,0.012278292095288634,,0.0
47,1341900657,24.388384761586963,3.024652423184764,-0.04361257977704582,2.7113770995303623,0.0,0.0,0.14523699520591218,0.10301497250094512,2.304595064812997,2.304595064812997,38,True,True,38,0.0,0,0.0,0.0,0.008049250114709139,,0.0
48,1866644610,28.66696495521823,1.6139268662434516,-0.1376898089607551,1.1717716009311125,0.0,0.0,0.4023829621330673,0.06213295581148314,2.655049118289162,2.655049118289162,39,True,True,39,0.0,0,0.0,0.0,0.007672333857044578,,0.0
49,3780871885,19.05965108250512,9.600203450410731,-0.03703831890805419,0.6151366008098325,0.0,0.0,0.15447775324402113,0.15447775324402113,1.7842929226168325,1.7842929226168325,38,True,True,38,0.0,0,0.0,0.0,0.012974458979442716,,0.0
50,378050586,17.38850696419133,12.608085740569676,-0.14523835642998467,0.3779980813206667,0.0,0.0,0.2630913035169789,0.2630913035169789,1.4977616467993784,1.4977616467993784,37,True,True,37,0.0,0,0.0,0.0,0.01216341694816947,,0.0
51,878109748,33.675020408295396,15.803332560133526,-0.03303948639268564,3.7653415269339052,0.0,0.0,0.5692277339520145,0.2901030074684633,3.2550993742485255,3.2550993742485255,39,True,True,39,0.0,0,0.0,0.0,0.011772583005949855,,0.0
52,478174867,15.68564698698248,16.803032488498193,-0.02144612278198235,2.824615564632496,0.0,0.0,0.2573395442031421,0.2573395442031421,1.4597665158934348,1.4597665158934348,37,True,True,37,0.0,0,0.0,0.0,0.016054209088906646,,0.0
53,583339154,28.541424083861255,16.938542260458387,-0.11456810763582181,0.4163934627916297,0.0,0.0,0.4678877492574854,0.21235633693448525,2.6685998457537554,2.6685998457537554,39,True,True,39,0.0,0,0.0,0.0,0.01452287519350648,,0.0
54,4016114303,22.43709276941274,1.4994160779718848,-0.12176177535515055,3.3506243327569063,0.0,0.0,0.12209970768800843,0.058900103026207025,2.031630983672971,2.031630983672971,38,True,True,38,0.0,0,0.0,0.0,0.007642708020284772,,0.0
55,2021518043,29.926089933839165,14.12245241547198,-0.07858982300822977,4.386547295948084,0.0,0.0,0.463820049472798,0.25665876334775617,2.839192913469289,2.839192913469289,39,True,True,39,0.0,0,0.0,0.0,0.014532000059261918,,0.0
56,1063421540,22.206536288566603,4.207967626260831,-0.08481061611268995,3.591069305360212,0.0,0.0,0.13290306579287609,0.11396551845819336,2.0452898404164785,2.0452898404164785,38,True,True,38,0.0,0,0.0,0.0,0.01100008306093514,,0.0
57,1662893835,15.483573958482637,15.059893202584659,-0.06411864101241946,1.547844594181574,0.0,0.0,0.2950016417454005,0.2950016417454005,1.3886398978747732,1.3886398978747732,37,True,True,37,0.0,0,0.0,0.0,0.0163933748845011,,0.0
58,1216011965,24.859427573446393,0.490425657860205,-0.121783746993585,0.8026341925957378,0.0,0.0,0.16340130609229206,0.04897840558757596,2.271236626906153,2.271236626906153,38,True,True,38,0.0,0,0.0,0.0,0.01283920812420547,,0.0
59,1184578272,27.14244158330591,0.14039628838129925,-0.03923728705046042,0.3209706012398684,0.0,0.0,0.2648835266625805,0.07949956154997212,2.6001708746037773,2.6001708746037773,39,True,True,39,0.0,0,0.0,0.0,0.012818582821637392,,0.0
60,2320622584,26.620248749157557,18.233675943942806,-0.09664376228986314,2.964040995034343,0.0,0.0,0.4387981898025441,0.31804146093279284,2.4803251142516807,2.4803251142516807,38,True,True,38,0.0,0,0.0,0.0,0.011465666117146611,,0.0
61,1116632570,29.96359712735465,10.366930575037497,-0.14718928651488408,4.1707507119982505,0.0,0.0,0.48057266870654225,0.19429540351449667,2.7763030980757506,2.7763030980757506,39,True,True,39,0.0,0,0.0,0.0,0.01570891705341637,,0.0
62,4178100634,15.9089822994672,6.908552925458699,-0.06449028685380231,3.0935187609584958,0.0,0.0,0.22284161995900523,0.22284161995900523,1.430243246257052,1.430243246257052,37,True,True,37,0.0,0,0.0,0.0,0.0073328749276697636,,0.0
63,912447656,31.435801340497886,5.3235953924660055,-0.009568605213709612,1.028257181175966,0.0,0.0,0.5260891258477065,0.18258013925296496,3.0620088860168484,3.0620088860168484,39,True,True,39,0.0,0,0.0,0.0,0.015285291010513902,,0.0
64,117737189,21.2265958975361,2.60190491553123,-0.09755183355450509,2.1073078451415257,0.0,0.0,0.07960970912078678,0.06585957169315787,1.9356599039383846,1.9356599039383846,38,True,True,38,0.0,0,0.0,0.0,0.010163875063881278,,0.0
65,1400922253,39.06983788340757,4.916220587308296,-0.11722630860468462,3.940236867115699,0.0,0.0,0.9143683793209608,0.12970343141161295,3.7113934972350653,3.7113934972350653,40,True,True,40,0.0,0,0.0,0.0,0.01240925001911819,,0.0
66,3341270185,19.869893678040643,2.782429192656784,-0.10733245014372615,3.15402599191481,0.0,0.0,0.1302331028552284,0.1302331028552284,1.7747337327501564,1.7747337327501564,37,True,True,37,0.0,0,0.0,0.0,0.014136792160570621,,0.0
67,1973147339,18.41432068301886,9.664280315010247,-0.050944481157244204,0.5337342608204226,0.0,0.0,0.15958243693401114,0.15958243693401114,1.6928469897133995,1.6928469897133995,37,True,True,37,0.0,0,0.0,0.0,0.012445166939869523,,0.0
68,3038263662,16.184852574748575,13.22780638599223,-0.060633682377707526,3.5138661796936947,0.0,0.0,0.2523910873675373,0.2523910873675373,1.461696387926266,1.461696387926266,37,True,True,37,0.0,0,0.0,0.0,0.009610999841243029,,0.0
69,2996529361,19.85477632301485,4.998638531957427,-0.07469878522768272,3.383524566085366,0.0,0.0,0.08507736023417978,0.08507736023417978,1.8209806255006096,1.8209806255006096,38,True,True,38,0.0,0,0.0,0.0,0.007687499979510903,,0.0
70,2935916828,18.944106217474673,15.766995845165493,-0.14168188458331854,1.6418656936897464,0.0,0.0,0.2343963717508349,0.2343963717508349,1.6556641205113678,1.6556641205113678,37,True,True,37,0.0,0,0.0,0.0,0.011197666870430112,,0.0
71,2007737917,31.071713686161754,13.629311653375455,-0.05266534994923299,3.7417513494871453,0.0,0.0,0.5029484801026068,0.20347004744730232,2.982026807836966,2.982026807836966,39,True,True,39,0.0,0,0.0,0.0,0.01685816701501608,,0.0
72,3389934216,38.68602624165473,17.666029319326853,-0.030720556980768563,0.2926413451281853,0.0,0.0,0.900556516785977,0.21829737260659807,3.775271632581462,3.775271632581462,40,True,True,40,0.0,0,0.0,0.0,0.011158750159665942,,0.0
73,2057124462,20.046771476588603,10.305628354974711,-0.1253959331130531,4.497091095822057,0.0,0.0,0.20595443215151124,0.20595443215151124,1.7740109104274067,1.7740109104274067,37,True,True,37,0.0,0,0.0,0.0,0.011262916959822178,,0.0
74,2479223970,30.882384680875305,18.297714466109475,-0.04340880316064338,2.0508651332534034,0.0,0.0,0.6126041811370337,0.313428929472887,2.978291533927336,2.978291533927336,39,True,True,39,0.0,0,0.0,0.0,0.010979084065183997,,0.0
75,3088339607,31.525782843012333,8.015031014356635,-0.14364966944256038,4.1826005326356395,0.0,0.0,0.485302387319326,0.15133902938372115,2.928832267050499,2.928832267050499,39,True,True,39,0.0,0,0.0,0.0,0.011235957965254784,,0.0
76,3178075564,29.338576010947783,3.8223852223187533,-0.1191564391212,3.066738835399979,0.0,0.0,0.4947117261894364,0.060009636126093044,2.745848866675711,2.745848866675711,39,True,True,39,0.0,0,0.0,0.0,0.011266000103205442,,0.0
77,3885500190,26.68722883205965,14.970920922857005,-0.02131248149950832,2.2406517242774973,0.0,0.0,0.3793956341087353,0.17192289972879907,2.579207061521573,2.579207061521573,39,True,True,39,0.0,0,0.0,0.0,0.0189819170627743,,0.0
78,2630634027,17.527434861131763,10.099406088866717,-0.11649932345826661,0.904490406801323,0.0,0.0,0.2239086167277962,0.2239086167277962,1.5369795010020528,1.5369795010020528,37,True,True,37,0.0,0,0.0,0.0,0.01375274988822639,,0.0
79,2645259996,15.991726862914645,10.293034476276688,-0.11357914319848354,0.44427704786789185,0.0,0.0,0.26226894376662385,0.26226894376662385,1.3838445432127708,1.3838445432127708,36,True,True,36,0.0,0,0.0,0.0,0.010296375025063753,,0.0
80,2048489422,33.74749325871411,7.276071326170101,-0.10923308266019675,4.333299596622049,0.0,0.0,0.6047050856830193,0.15261682297796478,3.1856799196919394,3.1856799196919394,39,True,True,39,0.0,0,0.0,0.0,0.014988375129178166,,0.0
81,1126527871,40.08867716739208,0.045940997250293325,-0.00866129671983578,3.953960723975388,0.0,0.0,0.7798933684422029,0.12164923747624089,3.9070242675709648,3.9070242675709648,40,True,True,40,0.0,0,0.0,0.0,0.010229041799902916,,0.0
82,3593316027,15.890566048768699,16.47827892674166,-0.052780856437873856,4.209688615545711,0.0,0.0,0.32741558534815374,0.32741558534815374,1.4392452419876733,1.4392452419876733,37,True,True,37,0.0,0,0.0,0.0,0.011263792170211673,,0.0
83,2877386590,26.534493460090115,12.834436592060117,-0.022460629379159273,5.004663804701673,0.0,0.0,0.3654615551088741,0.19900045888807655,2.562370999318748,2.562370999318748,39,True,True,39,0.0,0,0.0,0.0,0.009501666994765401,,0.0
84,907826147,38.488052389010605,15.328962556439487,-0.06624809086727376,2.5236976237578554,0.0,0.0,0.8359559088131384,0.2075319620893165,3.714962660593033,3.714962660593033,40,True,True,40,0.0,0,0.0,0.0,0.00802870886400342,,0.0
85,2938142869,32.58940998334118,9.802247588183207,-0.07149265738200788,4.879636731010188,0.0,0.0,0.516028947967211,0.14344657047494097,3.1093060505812864,3.1093060505812864,39,True,True,39,0.0,0,0.0,0.0,0.009606875013560057,,0.0
86,153849110,15.845247496930241,7.797721240018164,-0.15675418718645853,4.804919158525844,0.0,0.0,0.22611727980236007,0.22611727980236007,1.3249612304820617,1.3249612304820617,36,True,True,36,0.0,0,0.0,0.0,0.016733790980651975,,0.0
87,1064368199,19.086578469303994,12.973322507523235,-0.024149149984557576,0.42449462406478417,0.0,0.0,0.1709050308246228,0.1709050308246228,1.8009883759629375,1.8009883759629375,38,True,True,38,0.0,0,0.0,0.0,0.012990124989300966,,0.0
88,2913196754,25.539037601418542,2.940438969535564,-0.026385455474300823,1.2614314727808225,0.0,0.0,0.19432730323541972,0.06982210861452401,2.4528873777680054,2.4528873777680054,39,True,True,39,0.0,0,0.0,0.0,0.014871041988953948,,0.0
89,2335584239,29.03351196033221,13.9080140001533,-0.14540120376734356,0.47558356710115557,0.0,0.0,0.46879067118532586,0.189856320983531,2.686736930581081,2.686736930581081,39,True,True,39,0.0,0,0.0,0.0,0.013708458980545402,,0.0
90,3922391631,26.621303915340977,10.372452501822693,-0.14289746955226557,2.5922243729539414,0.0,0.0,0.3316892082654832,0.234603626999462,2.425163537236911,2.425163537236911,38,True,True,38,0.0,0,0.0,0.0,0.01885420805774629,,0.0
91,3960867150,42.69235422196997,9.761439609506272,-0.043802002900500674,3.0713049437768825,0.0,0.0,0.517046522193805,0.18046393365652932,4.287934669477033,4.287934669477033,64,True,True,64,0.0,0,0.0,0.0,0.021533041959628463,,0.0
92,2276798013,39.31376384847265,11.711417799212775,-0.03951230803834324,1.0682344365573553,0.0,0.0,0.9068866390190714,0.12134830183735175,3.8160865126855543,3.8160865126855543,40,True,True,40,0.0,0,0.0,0.0,0.01370262517593801,,0.0
93,516110107,35.42529709340436,1.5674425135779058,-0.027725685462863064,2.1467357623656422,0.0,0.0,0.6804313764349972,0.1136192964505344,3.4481902238235276,3.4481902238235276,40,True,True,40,0.0,0,0.0,0.0,0.00992166600190103,,0.0
94,939494736,20.83937358170035,17.878861261206435,-0.07186391944140272,2.790474474321235,0.0,0.0,0.3367866437543222,0.3331371506596067,1.928779335139158,1.928779335139158,38,True,True,38,0.0,0,0.0,0.0,0.012722832849249244,,0.0
95,1089325287,15.980366754256526,12.836934688469547,-0.047192215723493525,2.18783067428493,0.0,0.0,0.303767110393922,0.303767110393922,1.452436478390235,1.452436478390235,37,True,True,37,0.0,0,0.0,0.0,0.011392000131309032,,0.0
96,2234039031,42.101156369652216,18.3527707533763,-0.09361427026096424,2.195458411750658,0.0,0.0,0.9936374217798585,0.2622136769847805,4.038639814792601,4.038639814792601,40,True,True,40,0.0,0,0.0,0.0,0.010463791899383068,,0.0
97,2478867061,36.83173539639249,14.055077562500957,-0.14284708703048005,3.6096373855911565,0.0,0.0,0.7569256626950324,0.26287449113317624,3.4560415412776804,3.4560415412776804,39,True,True,39,0.0,0,0.0,0.0,0.008678417187184095,,0.0
98,4094150468,31.773397360926726,8.456998714483426,-0.05050681389083265,3.378348119274602,0.0,0.0,0.52203517669779,0.10637799330307368,3.0536670913270956,3.0536670913270956,39,True,True,39,0.0,0,0.0,0.0,0.008391792187467217,,0.0
99,2809981104,38.412122705960165,11.502555951448494,-0.12918831257927124,2.61606312785927,0.0,0.0,0.8261273381315285,0.17114742556709356,3.6418180295367217,3.6418180295367217,40,True,True,40,0.0,0,0.0,0.0,0.007666541961953044,,0.0
